{"cameraMode":{"drawMode":0,"name":"Shaded","section":"Shading Mode"},"sceneLighting":true,"audioPlay":false,"sceneViewState":{"m_AlwaysRefresh":false,"showFog":true,"showSkybox":true,"showFlares":true,"showImageEffects":true,"showParticleSystems":true,"showVisualEffectGraphs":true,"m_FxEnabled":true},"in2DMode":false,"pivot":{"x":-0.6349459290504456,"y":1.1201071739196778,"z":1.121253490447998},"rotation":{"x":-0.19498957693576814,"y":-0.3283722996711731,"z":0.06946627795696259,"w":-0.9216016530990601},"size":1.5297458171844483,"orthographic":false}